City_ID,City,Lat,Lng,Max Temp,Humidity,Cloudiness,Wind Speed,Country,Date
0,east london,-33.0153,27.9116,69.71,89,68,7.94,ZA,1712014761
1,pathein,16.7833,94.7333,75.52,89,0,5.41,MM,1712014878
2,whitehorse,60.7161,-135.0538,38.17,37,100,13.8,CA,1712014737
3,howrah,22.5892,88.3103,82.4,89,20,0.0,IN,1712014764
4,puerto natales,-51.7236,-72.4875,44.71,88,100,5.5,CL,1712014740
5,codrington,-38.2667,141.9667,61.5,79,76,17.96,AU,1712014864
6,neiafu,-18.65,-173.9833,86.68,74,75,12.66,TO,1712014934
7,hasaki,35.7333,140.8333,59.29,54,8,3.51,JP,1712014855
8,yellowknife,62.456,-114.3525,25.41,83,75,11.5,CA,1712014763
9,puerto armuelles,8.2833,-82.8667,87.78,55,7,1.01,PA,1712014936
10,olonkinbyen,70.9221,-8.7187,22.39,58,100,12.3,SJ,1712014378
11,waitangi,-43.9535,-176.5597,57.81,80,100,3.0,NZ,1712014157
12,tiksi,71.6872,128.8694,13.93,91,100,5.95,RU,1712014178
13,ancud,-41.8697,-73.8203,50.07,72,84,2.51,CL,1712014938
14,grytviken,-54.2811,-36.5092,34.47,84,28,10.33,GS,1712014371
15,ushuaia,-54.8,-68.3,49.66,53,40,13.8,AR,1712014416
16,thompson,55.7435,-97.8558,33.96,44,75,5.75,CA,1712014316
17,parkes,-33.1333,148.1833,68.36,94,98,11.32,AU,1712014939
18,port-aux-francais,-49.35,70.2167,43.59,76,50,19.24,TF,1712014160
19,mount isa,-20.7333,139.5,80.37,65,60,5.75,AU,1712014941
20,enewetak,11.3474,162.3373,80.73,72,91,15.32,MH,1712014171
21,albany,42.6001,-73.9662,54.01,56,99,4.0,US,1712014194
22,iqaluit,63.7506,-68.5145,33.53,86,100,25.32,CA,1712014169
23,dongola,19.1667,30.4833,77.14,21,0,8.75,SD,1712014943
24,fale old settlement,-9.3852,-171.2468,85.23,73,23,12.86,TK,1712014437
25,keflavik,64.0049,-22.5624,25.23,63,20,27.63,IS,1712014944
26,auki,-8.7676,160.7034,85.37,68,77,2.93,SB,1712014944
27,ihosy,-22.4,46.1167,66.87,94,98,11.59,MG,1712014944
28,west island,-12.1568,96.8225,80.58,83,75,11.5,CC,1712014384
29,ribeira brava,32.65,-17.0667,65.03,80,50,7.36,PT,1712014947
30,ilulissat,69.2167,-51.1,24.82,93,75,0.0,GL,1712014402
31,vila franca do campo,37.7167,-25.4333,61.21,83,41,18.5,PT,1712014214
32,tazovsky,67.4667,78.7,11.14,97,97,7.23,RU,1712014380
33,margaret river,-33.95,115.0667,49.95,86,1,10.89,AU,1712014164
34,muang khong,14.1167,105.85,83.52,63,1,5.19,LA,1712014949
35,san patricio,28.017,-97.5169,85.53,70,100,15.17,US,1712014226
36,port mathurin,-19.6833,63.4167,79.02,85,82,14.29,MU,1712014831
37,papatowai,-46.5619,169.4708,58.48,64,58,1.16,NZ,1712014185
38,itirapina,-22.2528,-47.8228,70.0,66,72,1.74,BR,1712014951
39,wailua homesteads,22.0669,-159.378,79.23,73,100,14.97,US,1712014433
40,westport,41.1415,-73.3579,52.47,67,20,4.61,US,1712014816
41,ribeira grande,38.5167,-28.7,61.77,83,68,21.0,PT,1712014418
42,katsuura,35.1333,140.3,57.56,63,8,4.97,JP,1712014953
43,adamstown,-25.066,-130.1015,75.61,76,78,23.35,PN,1712014395
44,khark,29.2614,50.3306,70.92,76,0,4.74,IR,1712014953
45,port elizabeth,-33.918,25.5701,64.31,73,100,5.75,ZA,1712014371
46,sijunjung,-0.6876,100.9537,73.96,98,62,0.69,ID,1712014954
47,betio village,1.358,172.9211,87.84,79,70,10.69,KI,1712014955
48,maroantsetra,-15.4333,49.7333,78.06,87,100,3.56,MG,1712014955
49,marine corps base hawaii - mcbh,21.4453,-157.7513,80.56,72,73,10.0,US,1712014955
50,privolzhskiy,51.4,46.0333,51.08,80,76,7.34,RU,1712014956
51,kapa'a,22.0752,-159.319,80.58,72,100,14.97,US,1712014430
52,georgetown,5.4112,100.3354,82.94,89,20,2.3,MY,1712014353
53,tura,25.5198,90.2201,68.47,87,4,6.2,IN,1712014395
54,bodo,67.28,14.405,26.64,70,75,13.8,NO,1712014958
55,bilibino,68.0546,166.4372,-2.16,66,95,1.97,RU,1712014199
56,souillac,-20.5167,57.5167,77.38,94,75,17.27,MU,1712014959
57,isafjordur,66.0755,-23.124,25.65,77,99,25.05,IS,1712014204
58,kone,-21.0595,164.8658,84.54,53,21,3.98,NC,1712014959
59,victoria de durango,24.0333,-104.6667,73.02,41,20,34.52,MX,1712014884
60,nantucket,41.2835,-70.0995,45.14,83,20,4.61,US,1712014960
61,longyearbyen,78.2186,15.6401,4.84,72,75,4.61,SJ,1712014961
62,sikandarabad,28.45,77.7,68.41,20,69,6.24,IN,1712014961
63,brooks,50.5834,-111.8851,49.98,54,7,2.3,CA,1712014962
64,broken hill,-31.95,141.4333,64.0,48,0,18.39,AU,1712014962
65,crane,31.3974,-102.3501,70.57,15,49,29.59,US,1712014774
66,maloye ganyushkino,46.6,49.2667,49.08,52,65,8.03,KZ,1712014963
67,edinburgh of the seven seas,-37.0676,-12.3116,65.39,92,76,20.96,SH,1712014159
68,nemuro,43.3236,145.575,35.51,69,81,13.58,JP,1712014397
69,arraial do cabo,-22.9661,-42.0278,75.16,83,20,4.61,BR,1712014964
70,kabanga,-2.6386,30.4678,59.23,95,38,2.37,TZ,1712014964
71,queenstown,-31.8976,26.8753,60.62,79,51,3.96,ZA,1712014860
72,wagar,16.1525,36.2032,81.46,20,28,9.62,SD,1712014965
73,saipan,15.1355,145.701,84.9,1,40,19.57,MP,1712014830
74,puerto ayora,-0.7393,-90.3518,79.52,72,46,7.49,EC,1712014180
75,the pas,53.8251,-101.2541,32.02,100,100,3.44,CA,1712014966
76,karkkila,60.5342,24.2098,43.48,87,100,8.79,FI,1712014967
77,lenti,46.624,16.5386,49.96,91,85,7.74,HU,1712014967
78,st. john's,47.5649,-52.7093,34.68,94,100,5.75,CA,1712014186
79,thinadhoo,0.5333,72.9333,83.8,72,94,3.27,MV,1712014968
80,lazaro cardenas,17.9583,-102.2,79.75,68,79,8.5,MX,1712014799
81,hamilton,39.1834,-84.5333,69.24,80,75,5.75,US,1712014873
82,umka,44.6781,20.3047,73.6,28,0,12.66,RS,1712014969
83,ust-nera,64.5667,143.2,9.84,81,50,2.13,RU,1712014970
84,chui,-33.6971,-53.4616,60.55,89,100,11.56,UY,1712014256
85,chonchi,-42.6128,-73.8092,54.61,88,75,1.88,CL,1712014299
86,necochea,-38.5473,-58.7368,53.8,77,10,9.24,AR,1712014844
87,dudinka,69.4058,86.1778,4.68,90,100,14.0,RU,1712014229
88,cill airne,52.05,-9.5167,45.46,89,91,2.82,IE,1712014971
89,hawaiian paradise park,19.5933,-154.9731,78.31,82,100,12.66,US,1712014387
90,mulanje,-16.0316,35.5,66.47,97,45,3.47,MW,1712014972
91,bassar,9.25,0.7833,81.97,61,98,3.83,TG,1712014973
92,ghat,24.9647,10.1728,77.29,10,1,3.91,LY,1712014973
93,ambon,-3.6954,128.1814,77.14,100,20,2.3,ID,1712014973
94,kingston,17.997,-76.7936,83.35,81,40,24.16,JM,1712014460
95,blackmans bay,-43.0167,147.3167,59.74,95,100,4.05,AU,1712014420
96,sinop,41.7711,34.8709,60.62,49,5,8.14,TR,1712014420
97,muynoq,43.7683,59.0214,47.84,68,4,8.9,UZ,1712014975
98,bethel,41.3712,-73.414,51.44,62,100,3.0,US,1712014376
99,hermanus,-34.4187,19.2345,60.8,87,84,12.82,ZA,1712014107
100,weil der stadt,48.75,8.8667,45.86,80,79,11.54,DE,1712014977
101,sitka,57.0531,-135.33,46.29,57,100,18.41,US,1712014391
102,nizhneangarsk,55.7833,109.55,17.01,95,99,1.99,RU,1712014978
103,petropavlovsk-kamchatsky,53.0452,158.6483,34.39,81,0,15.01,RU,1712014978
104,haiku-pauwela,20.9219,-156.3051,80.62,73,40,23.02,US,1712014979
105,sidney,-33.8679,151.2073,76.55,74,89,10.36,AU,1712014961
106,cockburn town,21.4612,-71.1419,76.24,67,1,18.66,TC,1712014433
107,klyuchi,52.2667,79.1667,37.29,78,100,8.61,RU,1712014712
108,colonia,50.9333,6.95,49.96,84,0,9.22,DE,1712014409
109,invercargill,-46.4,168.35,61.02,71,7,3.0,NZ,1712014215
110,acarau,-2.8856,-40.12,79.57,84,78,5.97,BR,1712014873
111,mount gambier,-37.8333,140.7667,59.22,83,64,14.07,AU,1712014247
112,stanley,54.868,-1.6985,37.78,97,20,2.3,GB,1712014736
113,fonte boa,-2.4959,-66.2662,74.28,99,100,2.06,BR,1712014983
114,jindabyne,-36.4167,148.6333,61.57,61,89,20.0,AU,1712014983
115,san clemente del tuyu,-36.3569,-56.7235,62.98,63,61,9.53,AR,1712014743
116,kodiak,57.79,-152.4072,35.11,55,100,18.41,US,1712014280
117,copiapo,-27.3667,-70.3333,60.49,61,0,2.73,CL,1712014984
118,karratha,-20.7377,116.8463,88.03,32,1,19.3,AU,1712014985
119,chingirlau,51.095,54.0814,45.3,84,63,5.93,KZ,1712014985
120,maricopa,33.0581,-112.0476,66.42,55,40,5.75,US,1712014742
121,i-n-salah,27.1935,2.4607,77.34,13,2,9.24,DZ,1712014986
122,constantia,44.1833,28.65,61.7,71,41,9.8,RO,1712014801
123,madimba,-10.4,40.3333,76.41,92,89,7.78,TZ,1712014987
124,utrik,11.2278,169.8474,81.09,70,100,14.54,MH,1712014407
125,newman,37.3138,-121.0208,71.83,45,0,7.0,US,1712014460
126,tarawa,1.419,172.984,87.89,74,20,6.91,KI,1712014988
127,russellville,35.2784,-93.1338,76.98,71,100,4.61,US,1712014737
128,mil'kovo,55.6078,37.7956,55.8,71,65,7.92,RU,1712014989
129,santa marta,11.2408,-74.199,87.85,58,20,20.71,CO,1712014707
130,grand falls-windsor,48.9332,-55.6649,36.5,86,100,1.01,CA,1712014221
131,callao,-12.0667,-77.15,75.49,69,0,14.97,PE,1712014115
132,anamur,36.0751,32.8369,69.64,57,0,4.92,TR,1712014991
133,kasane,-17.8167,25.15,73.13,55,100,4.81,BW,1712014991
134,ta`u,-14.2336,-169.5144,84.74,74,77,22.59,AS,1712014991
135,ilheus,-14.7889,-39.0494,82.22,83,40,3.44,BR,1712014862
136,vernon,50.2581,-119.2691,68.36,33,61,5.01,CA,1712014422
137,san antonio de pale,-1.4014,5.6325,83.98,82,93,12.17,GQ,1712014405
138,iskateley,67.6803,53.1512,15.03,87,100,11.01,RU,1712014376
139,laguna,38.421,-121.4238,73.69,29,0,9.22,US,1712014993
140,morrope,-6.5417,-80.0111,75.31,74,92,13.0,PE,1712014994
141,carnarvon,-24.8667,113.6333,84.13,41,22,18.1,AU,1712014456
142,tofol,5.3248,163.0078,83.98,79,100,16.11,FM,1712014994
143,gamba,-2.65,10.0,80.19,88,89,4.81,GA,1712014995
144,inhambane,-23.865,35.3833,74.97,86,80,8.12,MZ,1712014444
145,jamestown,42.097,-79.2353,51.53,57,0,11.5,US,1712014411
146,ust'-ilimsk,58.0006,102.6619,6.44,99,83,4.0,RU,1712014996
147,eastham,41.8301,-69.9739,46.38,83,100,4.61,US,1712014749
148,albu kamal,34.45,40.9186,70.61,40,67,3.22,SY,1712014997
149,gulnar,36.3415,33.3992,60.31,46,0,4.45,TR,1712014997
150,mutuali,-14.8706,37.0044,67.06,88,100,3.29,MZ,1712014998
151,anadyr,64.75,177.4833,3.7,71,40,11.18,RU,1712014803
152,mocimboa,-11.3167,40.35,75.92,92,85,6.53,MZ,1712014998
153,weno,7.4515,151.8468,85.95,84,75,10.36,FM,1712014844
154,flying fish cove,-10.4217,105.6791,78.48,88,75,6.91,CX,1712014999
155,la concordia,13.1953,-86.1667,85.51,36,1,7.31,NI,1712015000
156,alice springs,-23.7,133.8833,72.21,42,75,9.22,AU,1712014198
157,saldanha,-33.0117,17.9442,57.25,90,39,8.03,ZA,1712015000
158,bayanhongor,46.7167,100.1167,24.73,37,97,3.2,MN,1712014777
159,berezovyy,51.6667,135.7,33.44,57,19,3.22,RU,1712015001
160,quellon,-43.1167,-73.6167,48.6,79,94,6.38,CL,1712014816
161,hays,30.0502,-98.0336,82.24,78,96,5.99,US,1712014831
162,namibe,-15.1961,12.1522,74.88,82,61,2.17,AO,1712015002
163,bay point,38.0291,-121.9616,74.77,32,0,3.0,US,1712015003
164,kailua-kona,19.6406,-155.9956,78.76,83,75,6.91,US,1712014850
165,coahuayana de hidalgo,18.7,-103.6583,80.83,60,71,6.06,MX,1712015004
166,avarua,-21.2078,-159.775,84.25,70,75,9.22,CK,1712014421
167,bakchar,57.0186,82.0711,33.08,98,100,8.39,RU,1712015005
168,talnakh,69.4865,88.3972,4.57,96,100,14.56,RU,1712014767
169,sao joao da barra,-21.6403,-41.0511,75.29,84,48,4.65,BR,1712014810
170,uyar,55.81,94.3153,20.05,91,97,3.15,RU,1712015006
171,gaigeturi,33.4644,126.3183,59.05,77,0,8.05,KR,1712014828
172,port saint john's,-31.6229,29.5448,71.33,91,100,8.81,ZA,1712014420
173,shenjiamen,29.9576,122.298,57.61,99,100,17.76,CN,1712015008
174,seeb,23.6703,58.1891,75.29,35,0,0.0,OM,1712015008
175,tsetserleg,47.475,101.4542,28.71,42,99,1.61,MN,1712015008
176,chabahar,25.2919,60.643,75.6,74,97,11.03,IR,1712015009
177,nguigmi,14.2495,13.1092,85.78,19,100,6.24,NE,1712015009
178,domerat,46.3606,2.5343,43.27,92,81,5.99,FR,1712015010
179,dalmatovo,56.26,62.9362,31.42,89,72,6.06,RU,1712015010
180,kolonia,50.9333,6.95,49.96,84,0,9.22,DE,1712014993
181,taltal,-25.4,-70.4833,67.44,81,24,3.76,CL,1712014820
182,anloga,5.7947,0.8973,83.75,82,100,7.61,GH,1712014847
183,college,64.8569,-147.8028,42.75,37,75,5.75,US,1712015012
184,allapalli,19.4167,80.0667,84.22,42,39,3.78,IN,1712015012
185,badger,64.8,-147.5333,42.67,35,0,5.75,US,1712014413
186,puerto baquerizo moreno,-0.9,-89.6,76.69,78,33,8.05,EC,1712014747
187,stephenville,32.2207,-98.2023,77.18,69,0,9.22,US,1712014717
188,kavieng,-2.5744,150.7967,83.52,77,97,17.02,PG,1712015014
189,natal,-5.795,-35.2094,81.25,94,40,6.91,BR,1712014904
190,holualoa,19.6228,-155.9522,75.04,83,75,6.91,US,1712015015
191,santa ana,33.7456,-117.8678,74.61,52,40,13.8,US,1712014750
192,qaqortoq,60.7167,-46.0333,19.87,85,17,5.37,GL,1712014765
193,menongue,-14.6585,17.691,66.47,86,100,4.32,AO,1712015016
194,lata,40.1629,-8.3327,50.07,92,94,4.88,PT,1712014857
195,lebu,-37.6167,-73.65,52.63,79,94,5.5,CL,1712014792
196,songea,-10.6833,35.65,63.07,94,97,2.24,TZ,1712015017
197,kirensk,57.7853,108.1119,18.97,96,99,1.99,RU,1712015018
198,newberg,45.3001,-122.9732,71.02,54,0,4.0,US,1712014761
199,siracusa,37.0881,15.2792,62.19,72,39,6.31,IT,1712014995
200,cadale,2.7603,46.3222,83.19,77,23,9.71,SO,1712014840
201,nadym,65.5333,72.5167,6.15,97,66,9.95,RU,1712015020
202,vallenar,-28.5708,-70.7581,72.59,51,0,2.42,CL,1712015020
203,acapulco de juarez,16.8634,-99.8901,82.22,78,0,17.27,MX,1712014748
204,khawr fakkan,25.3313,56.342,77.05,59,62,7.65,AE,1712015021
205,berriane,32.8265,3.7669,68.81,31,0,14.88,DZ,1712015022
206,vedaraniyam,10.3667,79.85,82.08,79,30,6.85,IN,1712015023
207,vengerovo,55.6848,76.7471,33.12,98,100,10.51,RU,1712015023
208,mirny,62.5353,113.9611,24.08,95,98,6.31,RU,1712015023
209,rameswaram,9.2833,79.3,83.59,78,46,8.99,IN,1712014817
210,krasnoturansk,54.3186,91.5639,28.24,82,98,3.0,RU,1712015024
211,heunghae,36.1125,129.3522,60.53,51,100,3.91,KR,1712015025
212,kyaikto,17.3,97.0167,78.12,77,0,4.85,MM,1712015025
213,hithadhoo,-0.6,73.0833,84.56,71,100,3.8,MV,1712015025
214,new norfolk,-42.7826,147.0587,60.93,98,100,2.19,AU,1712014812
215,agadez,19.75,10.25,83.34,8,18,5.95,NE,1712015026
216,ponta delgada,37.7333,-25.6667,61.52,82,40,25.32,PT,1712015027
217,midvagur,62.0511,-7.1939,41.83,75,100,19.57,FO,1712015027
218,bredasdorp,-34.5322,20.0403,61.99,79,32,14.27,ZA,1712014772
219,beidaihehaibin,39.8222,119.5181,46.24,50,100,16.24,CN,1712015028
220,diamantino,-14.4086,-56.4461,78.44,83,69,3.91,BR,1712015028
221,roma,43.2128,-75.4557,48.81,69,72,4.18,US,1712014921
222,rice lake,45.5061,-91.7382,44.28,56,100,6.91,US,1712015029
223,pisco,-13.7,-76.2167,75.25,69,0,17.27,PE,1712014865
224,pangkalanbuun,-2.6833,111.6167,76.15,96,100,1.86,ID,1712015030
225,avrig,45.7167,24.3833,70.45,46,74,5.06,RO,1712015030
226,mount pearl,47.5166,-52.7813,32.95,95,100,6.91,CA,1712014798
227,maragogi,-9.0122,-35.2225,80.94,86,79,7.38,BR,1712015031
228,atafu village,-8.5421,-172.5159,85.95,70,6,11.77,TK,1712014883
229,port alfred,-33.5906,26.891,64.83,92,96,16.24,ZA,1712014763
230,douentza,14.9951,-2.9517,88.65,15,13,5.12,ML,1712015032
231,nicoya,10.1483,-85.452,86.23,42,0,2.15,CR,1712015033
232,omdurman,15.6445,32.4777,79.9,14,11,11.01,SD,1712015033
233,el haouaria,37.05,11.0144,60.82,84,96,13.67,TN,1712015033
234,nanakuli,21.3906,-158.1547,80.55,64,100,11.5,US,1712015034
235,salina,38.8403,-97.6114,51.31,76,75,18.41,US,1712014855
236,hakui,36.8833,136.7833,47.05,45,74,2.55,JP,1712014826
237,zaigrayevo,51.8336,108.2703,27.19,74,90,9.98,RU,1712014840
238,kovdor,67.5662,30.4758,0.52,96,55,5.53,RU,1712015036
239,south venice,27.0531,-82.4243,78.98,84,0,4.61,US,1712015036
240,tamanrasset,22.785,5.5228,67.91,10,0,4.61,DZ,1712015036
241,val-d'or,48.1002,-77.7828,37.49,48,75,6.91,CA,1712014864
242,uturoa,-16.7333,-151.4333,82.94,75,96,17.83,PF,1712014581
243,saint-francois,46.4154,3.9054,45.84,78,0,5.75,FR,1712014809
244,richards bay,-28.783,32.0377,70.23,79,65,8.7,ZA,1712015038
245,madinat ash shamal,26.1293,51.2009,72.03,65,55,10.8,QA,1712015039
246,fisterra,42.9049,-9.2629,56.75,86,94,31.0,ES,1712014861
247,palmer,42.1584,-72.3287,54.01,58,86,3.6,US,1712014976
248,wuwei,37.9281,102.6414,42.69,82,100,2.33,CN,1712015040
249,ijmuiden,52.4573,4.6111,48.99,90,0,11.01,NL,1712015040
250,laurel,39.0993,-76.8483,55.49,89,100,6.91,US,1712014768
251,siedlce,52.1677,22.2901,58.24,68,96,7.43,PL,1712015041
252,churapcha,62.0025,132.4325,11.28,95,100,4.52,RU,1712015042
253,palikir - national government center,6.9248,158.1611,86.85,74,75,11.5,FM,1712015042
254,lihue,21.9789,-159.3672,81.64,72,100,14.97,US,1712014787
255,dolinsk,47.35,142.8,35.15,67,64,16.28,RU,1712015043
256,howard springs,-12.497,131.047,82.87,92,94,9.28,AU,1712015043
257,kwadukuza,-29.3282,31.2895,69.69,87,90,6.64,ZA,1712015044
258,balkanabat,39.5108,54.3671,54.18,68,8,3.62,TM,1712015044
259,nova sintra,14.8667,-24.7167,67.48,78,10,12.97,CV,1712014822
260,kristiansund,63.1115,7.732,37.45,80,100,19.57,NO,1712015045
261,hovd,48.0056,91.6419,31.57,49,55,1.39,MN,1712015046
262,yemva,62.59,50.8594,36.75,100,100,11.88,RU,1712015046
263,diego martin,10.7005,-61.5342,80.38,82,47,11.41,TT,1712015047
264,mariinsk,56.2139,87.7472,34.48,99,100,8.9,RU,1712015047
265,landivisiau,48.5078,-4.0683,49.95,87,75,21.85,FR,1712015047
266,tralee,52.2704,-9.7026,45.07,91,74,3.42,IE,1712014808
267,noumea,-22.2763,166.4572,85.98,99,86,11.43,NC,1712014887
268,poronaysk,49.2167,143.1167,33.53,68,61,6.8,RU,1712015049
269,bamboo flat,11.7,92.7167,73.49,94,2,2.3,IN,1712015049
270,puerto santa,-8.9906,-78.6456,71.74,85,96,8.1,PE,1712015049
271,tidjikja,18.5564,-11.4271,88.59,18,43,10.83,MR,1712015050
272,beyneu,45.3167,55.2,48.78,55,5,7.74,KZ,1712015050
273,qamdo,31.1667,97.2333,27.3,63,52,5.01,CN,1712015051
274,metlili chaamba,32.2667,3.6333,68.94,26,0,12.66,DZ,1712015051
275,yuzhno-kurilsk,44.0306,145.8556,28.38,97,97,12.55,RU,1712014861
276,chibougamau,49.9168,-74.3659,31.62,40,0,8.05,CA,1712015052
277,antonio enes,-16.2325,39.9086,75.18,90,48,5.26,MZ,1712015052
278,yeed,4.55,43.0333,74.84,84,99,10.96,SO,1712015053
279,puerto colombia,10.9878,-74.9547,82.49,79,7,29.17,CO,1712015053
280,ushtobe,45.2514,77.9838,40.86,62,1,5.61,KZ,1712015054
281,hirara,24.8,125.2833,77.27,94,75,6.91,JP,1712015054
282,motomachi,43.8228,144.1044,39.22,56,75,6.91,JP,1712015055
283,puerto madero,14.7208,-92.4215,88.0,58,75,11.5,MX,1712014904
284,tsiombe,-25.3,45.4833,71.46,81,8,17.72,MG,1712014860
285,happy valley-goose bay,53.3168,-60.3315,35.91,93,100,12.66,CA,1712014804
286,vila velha,-20.3297,-40.2925,80.55,82,75,6.91,BR,1712014866
287,salas,43.4118,-6.2602,49.57,80,24,6.49,ES,1712015058
288,aasiaat,68.7098,-52.8699,18.7,89,62,5.86,GL,1712014792
289,selfoss,63.9331,-20.9971,25.05,50,0,24.0,IS,1712015059
290,nueve de julio,-35.4444,-60.8831,62.96,70,97,1.99,AR,1712015004
291,constitucion,-35.3333,-72.4167,54.34,73,41,11.12,CL,1712014775
292,machico,32.7,-16.7667,65.03,81,40,17.27,PT,1712015060
293,bonthe,7.5264,-12.505,78.85,90,28,4.81,SL,1712014908
294,touros,-5.1989,-35.4608,80.91,80,100,8.37,BR,1712014838
295,tangalle,6.024,80.7911,77.14,90,90,4.43,LK,1712015062
296,alaghsas,17.0187,8.0168,87.78,10,4,7.14,NE,1712014879
297,murzuq,25.9155,13.9184,74.66,14,0,11.39,LY,1712014890
298,abbeville,50.1,1.8333,49.96,89,30,15.82,FR,1712015063
299,road town,18.4167,-64.6167,77.04,78,40,9.22,VG,1712014880
300,yemetsk,63.4721,41.7941,37.29,100,100,3.76,RU,1712015063
301,brookings,44.3114,-96.7984,38.1,87,100,6.91,US,1712014803
302,kavaratti,10.5669,72.642,82.72,75,14,6.26,IN,1712014910
303,irtyshsk,53.3333,75.4572,36.19,97,92,11.48,KZ,1712015066
304,nishinoomote,30.7333,131.0,66.76,88,75,11.5,JP,1712015067
305,metahara,8.9,39.9167,75.31,68,71,2.57,ET,1712015067
306,shingu,33.7333,135.9833,62.02,45,36,1.86,JP,1712014775
307,mezhdurechenskiy,59.6,65.9333,27.91,94,84,4.34,RU,1712015068
308,dalnegorsk,44.5604,135.5701,38.61,80,19,5.99,RU,1712015068
309,mukalla,14.5425,49.1242,78.22,74,47,3.65,YE,1712015069
310,nogliki,51.8333,143.1667,32.34,91,100,3.0,RU,1712014896
311,punta arenas,-53.15,-70.9167,48.31,71,75,16.11,CL,1712014884
312,fruita,39.1589,-108.729,57.58,36,20,6.91,US,1712015070
313,okhotsk,59.3833,143.3,21.6,70,12,17.58,RU,1712015070
314,genhe,50.7833,121.5167,20.03,71,100,2.48,CN,1712015071
315,broome,42.2506,-75.833,49.32,81,100,0.81,US,1712015071
316,volkhov,59.9258,32.3382,43.41,96,80,3.27,RU,1712015071
317,bandar,2.05,99.75,74.68,97,97,1.83,ID,1712015072
318,vorgashor,67.5833,63.95,5.76,96,100,5.39,RU,1712014848
319,tolanaro,-25.0319,46.9987,75.27,78,75,18.41,MG,1712014825
320,suntar,62.1444,117.6319,13.26,98,100,0.83,RU,1712014871
321,azangaro,-14.9167,-70.2167,47.1,89,100,9.51,PE,1712015074
322,pasuquin,18.3328,120.6177,78.75,94,20,4.61,PH,1712015074
323,mossel bay,-34.1831,22.146,60.73,70,5,15.21,ZA,1712015074
324,nikolayevsk-on-amure,53.1406,140.73,29.8,87,99,5.32,RU,1712015075
325,calarasi,47.2544,28.3081,60.31,50,50,6.96,MD,1712015075
326,martuk,50.7475,56.5056,41.94,87,90,5.48,KZ,1712015076
327,tadine,-21.55,167.8833,79.79,64,18,12.08,NC,1712015076
328,riachao,-7.3619,-46.6172,74.57,88,82,2.28,BR,1712015076
329,mata-utu,-13.2816,-176.1745,85.68,75,44,20.62,WF,1712015077
330,chitradurga,14.2333,76.4,74.86,63,3,3.47,IN,1712015077
331,vysokiy,58.35,60.05,32.05,94,97,8.81,RU,1712015078
332,tindouf,27.6711,-8.1474,66.65,45,0,9.22,DZ,1712015078
333,ocean shores,46.9737,-124.1563,56.28,84,100,9.22,US,1712014853
334,saint-pierre,-21.3393,55.4781,76.68,88,100,23.02,RE,1712015079
335,freetown,8.484,-13.2299,78.55,86,39,5.91,SL,1712015079
336,mims,28.6653,-80.8448,81.18,71,0,11.5,US,1712015080
337,darzab,35.9774,65.3783,45.52,66,97,1.72,AF,1712015080
338,inirida,3.8653,-67.9239,76.87,88,69,0.16,CO,1712015081
339,katabu,-4.9333,122.5167,80.51,88,99,3.11,ID,1712015081
340,sinabang,2.4803,96.3801,80.76,81,95,0.98,ID,1712015081
341,mujiayingzi,42.1167,118.7833,45.45,37,98,1.63,CN,1712014849
342,vega de alatorre,20.0333,-96.6333,82.35,76,41,9.4,MX,1712015083
343,shache,38.4167,77.2406,45.21,53,24,8.61,CN,1712015083
344,dihok,36.8695,42.994,56.82,44,35,5.66,IQ,1712014779
345,dalandzadgad,43.5708,104.425,41.11,48,100,6.91,MN,1712015084
346,faya-largeau,17.9257,19.1043,81.57,11,90,12.93,TD,1712014774
347,padang,-0.9492,100.3543,77.05,91,85,3.02,ID,1712015084
348,nizhnesortymskiy,62.4397,71.7603,14.97,96,66,9.55,RU,1712015085
349,grinnell,41.743,-92.7224,46.38,98,100,18.41,US,1712014540
350,cafayate,-26.073,-65.9761,66.67,90,83,4.05,AR,1712015086
351,luganville,-15.5333,167.1667,81.64,86,67,9.37,VU,1712015086
352,corinto,37.9407,22.9573,60.22,51,71,3.44,GR,1712015087
353,kasongo-lunda,-6.4667,16.8167,69.48,87,80,0.69,CD,1712014739
354,santiago de cao,-7.9589,-79.2392,71.73,83,40,10.36,PE,1712015087
355,afaahiti,-17.75,-149.2833,87.67,69,73,17.25,PF,1712014786
356,kununurra,-15.7667,128.7333,78.78,94,75,5.75,AU,1712014851
357,contai,21.7786,87.7536,77.56,72,16,3.11,IN,1712015088
358,revda,56.801,59.9303,33.22,92,100,6.69,RU,1712014862
359,menaka,15.9182,2.4022,93.47,14,76,11.05,ML,1712015090
360,teruel,40.6667,-0.6667,35.28,83,50,12.8,ES,1712014863
361,box elder,41.5005,-112.8764,47.59,51,82,5.68,US,1712015090
362,trondheim,63.4305,10.3951,37.45,93,100,4.03,NO,1712015091
363,pont rouge,48.8833,-72.0825,39.49,68,58,7.36,CA,1712015091
364,tongren,27.7172,109.1853,69.13,95,97,0.94,CN,1712015092
365,antsiranana,-12.2787,49.2917,78.15,89,86,9.86,MG,1712014895
366,manaure,11.7751,-72.4445,82.22,68,72,21.0,CO,1712015092
367,luderitz,-26.6481,15.1594,61.16,69,0,16.75,NA,1712014754
368,hugo,45.16,-92.9933,43.93,70,96,3.0,US,1712015093
369,vadso,70.0744,29.7487,18.48,62,46,21.85,NO,1712014815
370,armidale,-30.5167,151.65,71.83,53,17,12.01,AU,1712015094
371,porbandar,21.6422,69.6093,75.99,66,93,7.49,IN,1712015094
372,ranchuelo,22.3772,-80.1489,79.88,68,9,6.42,CU,1712015095
373,aginskoye,51.1,114.53,28.87,39,57,23.76,RU,1712015095
374,bardai,11.65,7.2333,84.07,14,100,5.41,NG,1712015095
375,deqen,29.9618,90.7188,35.78,46,32,4.43,CN,1712014813
376,irituia,-1.7711,-47.4381,76.35,98,95,3.06,BR,1712015096
377,kerikeri,-35.2268,173.9474,69.8,49,54,4.56,NZ,1712014636
378,inarajan village,13.2736,144.7484,85.17,82,98,17.9,GU,1712015097
379,puranpur,28.5167,80.15,65.1,34,81,7.7,IN,1712015097
380,berrahal,36.8353,7.4533,51.53,88,52,5.19,DZ,1712015098
381,tvoroyri,61.5556,-6.8111,43.21,78,100,28.34,FO,1712015099
382,homer,59.6425,-151.5483,31.87,98,100,25.01,US,1712015099
383,linxia chengguanzhen,35.6003,103.2064,47.23,47,99,2.73,CN,1712015099
384,labuan,5.2767,115.2417,80.96,94,40,2.3,MY,1712015100
385,kasempa,-13.4584,25.8338,65.7,92,100,2.64,ZM,1712015100
386,bagneres-de-bigorre,43.0667,0.15,42.49,93,75,5.75,FR,1712015102
387,puerto deseado,-47.7503,-65.8938,53.73,62,3,19.22,AR,1712015102
388,toliara,-23.35,43.6667,79.7,62,79,14.63,MG,1712015103
389,nar'yan-mar,67.6713,53.087,15.12,87,100,11.01,RU,1712014877
390,kaiapoi,-43.3783,172.6401,62.08,64,100,3.44,NZ,1712015104
391,kasongo,-4.45,26.6667,69.3,98,97,1.83,CD,1712015105
392,kumagunnam,13.1551,10.6342,86.36,14,86,5.68,NG,1712015106
393,greenville,35.6127,-77.3663,80.76,57,0,4.61,US,1712015008
394,saint croix,17.7397,-64.7388,81.05,76,40,11.5,VI,1712015106
395,coxen hole,16.3244,-86.5366,83.48,74,0,18.41,HN,1712015107
396,kotido,2.9806,34.1331,73.31,66,30,8.39,UG,1712014894
397,tazacorte,28.629,-17.9293,63.57,83,0,6.91,ES,1712014511
398,ashland,40.8167,-82.2665,54.88,90,100,7.63,US,1712014943
399,hammerfest,70.6634,23.6821,16.25,92,100,4.61,NO,1712014809
400,sola,-13.8833,167.55,81.81,79,42,12.5,VU,1712015109
401,picota,-6.9197,-76.3304,75.69,100,100,0.51,PE,1712015109
402,jilib,0.4883,42.7854,77.74,89,74,2.68,SO,1712015110
403,fauske,67.2588,15.3918,26.64,93,100,5.55,NO,1712015067
404,zambezi,-13.5432,23.1047,65.48,98,100,4.54,ZM,1712015111
405,kirando,-7.4167,30.6,71.67,86,90,3.6,TZ,1712015111
406,preobrazheniye,42.9019,133.9064,38.23,50,1,6.98,RU,1712014905
407,rio grande,-32.035,-52.0986,69.91,85,100,26.98,BR,1712014921
408,booneville,34.6582,-88.5667,78.19,75,100,11.45,US,1712014816
409,port lincoln,-34.7333,135.8667,61.56,68,39,15.79,AU,1712014782
410,al awjam,26.5632,49.9433,69.91,46,75,6.91,SA,1712015113
411,kruisfontein,-34.0033,24.7314,60.89,79,83,6.26,ZA,1712015113
412,malango,-2.9627,119.9001,72.1,94,98,0.63,ID,1712014812
413,saint-denis,48.9167,2.3333,50.77,82,40,17.27,FR,1712014821
414,uttar char fasson,22.2332,90.7132,80.67,89,22,7.47,BD,1712015114
415,huanggang,23.677,116.9996,71.49,92,98,4.36,CN,1712015115
416,la rinconada,37.4873,-5.9826,56.05,88,0,2.3,ES,1712015115
417,selkirk,50.1436,-96.8845,42.87,57,76,4.0,CA,1712015116
418,santa isabel,-23.3156,-46.2214,70.9,95,27,1.45,BR,1712014906
419,mangai,-4.05,19.5333,69.91,93,81,2.28,CD,1712015117
420,waiuku,-37.25,174.75,70.32,68,45,4.12,NZ,1712015117
421,knyaze-volkonskoye,48.4642,135.4567,35.94,88,86,3.0,RU,1712014968
422,kostomuksha,64.571,30.5767,25.03,94,100,11.01,RU,1712015118
423,itoman,26.1247,127.6694,75.22,90,75,16.11,JP,1712015119
424,cooper's town,26.8667,-77.5167,73.27,67,86,8.88,BS,1712015119
425,hilo,19.7297,-155.09,80.28,79,100,12.66,US,1712014554
426,arkhangel'sk,64.5401,40.5433,36.12,100,100,8.95,RU,1712014829
427,saint-joseph,-21.3667,55.6167,75.58,93,100,15.28,RE,1712015121
428,ingeniero jacobacci,-41.3427,-69.5448,53.2,19,0,9.13,AR,1712015121
429,abong mbang,3.9833,13.1833,72.54,78,100,2.84,CM,1712015122
430,lukolela,-1.0605,17.1821,72.81,84,100,2.82,CD,1712015122
431,baoro,5.6667,15.9667,73.33,55,97,3.6,CF,1712015123
432,chornomors'k,46.305,30.6548,48.94,86,72,10.18,UA,1712015123
433,tulagi,-9.0996,160.1476,81.82,75,89,2.39,SB,1712014869
434,verdun,49.25,5.3333,47.16,95,18,14.67,FR,1712015124
435,acaponeta,22.4964,-105.3594,82.99,43,8,6.08,MX,1712015124
436,ondjiva,-17.0667,15.7333,73.44,73,0,9.22,AO,1712015125
437,lapithos,35.3375,33.1792,61.09,62,0,6.29,CY,1712015125
438,amurzet,47.6967,131.0981,37.06,49,7,9.89,RU,1712015126
439,thunder bay,48.4001,-89.3168,33.78,69,20,11.5,CA,1712014893
440,camiri,-20.05,-63.5167,75.07,86,96,0.96,BO,1712015127
441,vieux-habitants,16.0589,-61.7659,79.72,73,97,10.29,GP,1712015128
442,pizarro,4.9533,-77.366,78.75,87,75,2.95,CO,1712015128
443,kuruman,-27.4524,23.4325,61.0,78,44,1.07,ZA,1712015129
444,claveria,18.6074,121.0832,82.17,64,80,5.23,PH,1712015129
445,la gi,10.6667,107.7833,80.35,76,89,4.56,VN,1712015130
446,bikenibeu village,1.3673,173.1241,87.76,74,20,6.91,KI,1712015130
447,fort st. john,56.2499,-120.8529,51.69,15,75,13.8,CA,1712015017
448,iglino,54.8324,56.4126,33.89,99,100,6.49,RU,1712015131
449,urdinarrain,-32.6857,-58.8932,59.68,95,100,7.81,AR,1712015131
450,trairi,-3.2778,-39.2689,78.3,87,87,4.05,BR,1712015096
451,augusto correa,-1.0217,-46.635,77.18,94,51,2.66,BR,1712015133
452,ivdel',60.6911,60.4206,27.03,92,98,4.0,RU,1712015133
453,bafq,31.6128,55.4107,57.67,28,74,7.25,IR,1712015133
454,essaouira,31.5125,-9.77,62.1,77,75,2.3,MA,1712015134
455,el charco,2.4769,-78.1105,76.3,94,98,4.43,CO,1712015134
456,murghob,38.1702,73.9667,9.81,50,13,6.06,TJ,1712015135
457,zakynthos,37.7914,20.8953,60.64,82,64,11.59,GR,1712015135
458,minas de marcona,-15.2119,-75.1103,64.63,77,88,10.31,PE,1712014817
459,nagqu,31.5,92.0,25.95,34,100,3.53,CN,1712014521
460,sovetskaya gavan',48.9723,140.2878,31.1,94,70,11.03,RU,1712015136
461,plouzane,48.3833,-4.6167,50.05,87,75,25.32,FR,1712015137
462,martapura,-3.4167,114.85,77.09,94,0,2.3,ID,1712015137
463,kolonia town,6.964,158.206,87.91,74,75,11.5,FM,1712015138
464,antalaha,-14.9003,50.2788,77.27,89,59,5.59,MG,1712015138
465,hotan,37.0997,79.9269,47.75,40,98,7.83,CN,1712015139
466,endingen,48.1333,7.7,49.48,77,30,9.64,DE,1712015139
467,grevena,40.0845,21.4274,56.41,49,100,4.65,GR,1712015140
468,shizilu,35.1711,118.8289,53.92,84,100,7.25,CN,1712015140
469,krasnoufimsk,56.6059,57.7669,34.75,96,100,5.95,RU,1712015141
470,greymouth,-42.4667,171.2,60.62,62,76,0.25,NZ,1712015141
471,nova vicosa,-17.8919,-39.3719,79.95,76,98,10.29,BR,1712015141
472,puerto aysen,-45.4,-72.7,45.41,100,100,4.52,CL,1712015142
473,pacific grove,36.6177,-121.9166,69.21,73,0,9.22,US,1712014820
474,dryden,49.7833,-92.7503,39.49,33,0,9.22,CA,1712014744
475,khadan khak,30.7477,67.7085,49.5,31,100,5.93,PK,1712015143
476,port hedland,-20.3167,118.5667,89.65,27,1,16.11,AU,1712015144
477,fortuna,40.5982,-124.1573,63.93,80,0,13.8,US,1712015144
478,wanning,18.8003,110.3967,79.45,85,4,13.33,CN,1712015145
479,karatau,43.1667,70.4667,41.54,58,94,1.9,KZ,1712015145
480,oamaru,-45.0784,170.9801,58.51,66,100,8.23,NZ,1712015145
481,salekhard,66.53,66.6019,0.82,99,85,4.38,RU,1712015146
482,khandyga,62.6667,135.6,6.21,94,100,0.22,RU,1712014769
483,nadi,-17.8,177.4167,84.2,84,75,10.36,FJ,1712014668
484,bir el ater,34.7449,8.0602,55.76,71,30,7.67,DZ,1712015147
485,igarka,67.4667,86.5833,9.18,93,100,18.3,RU,1712015147
486,kitami,43.8031,143.8908,38.66,60,97,17.18,JP,1712015148
487,quatre cocos,-20.2078,57.7625,77.11,89,84,14.85,MU,1712015148
488,mvurwi,-17.0333,30.85,60.51,76,81,5.32,ZW,1712015148
489,ha'il,27.5219,41.6907,62.62,63,0,4.61,SA,1712015149
490,ponnani,10.767,75.9252,79.92,81,31,1.97,IN,1712015149
491,huarmey,-10.0681,-78.1522,72.84,84,100,7.54,PE,1712015150
492,santa cruz,-17.8,-63.1667,84.25,65,40,11.5,BO,1712014642
493,polyarnyy,69.1989,33.4478,17.64,85,99,14.54,RU,1712014818
494,ocean city,39.2776,-74.5746,49.17,87,100,3.0,US,1712015151
495,okoneshnikovo,54.8377,75.0834,33.73,98,100,10.69,RU,1712015151
496,la ronge,55.1001,-105.2842,37.65,75,100,6.91,CA,1712015152
497,puerto san jose,13.9256,-90.8244,89.65,55,40,11.5,GT,1712015152
498,mahina,-17.5065,-149.489,89.37,62,20,9.22,PF,1712015152
499,sodankyla,67.4167,26.6,4.12,94,20,7.31,FI,1712015153
500,susuman,62.7833,148.1667,3.97,86,75,3.0,RU,1712014755
501,belyy yar,53.6039,91.3903,33.69,93,20,0.0,RU,1712015153
502,cabo san lucas,22.8909,-109.9124,77.31,41,20,3.44,MX,1712014754
503,rundu,-17.9333,19.7667,66.09,88,39,6.2,NA,1712015154
504,luchegorsk,46.4764,134.2569,35.04,58,8,7.72,RU,1712015155
505,ulsteinvik,62.3432,5.8487,40.32,84,73,11.01,NO,1712014837
506,charters towers,-20.1,146.2667,79.72,62,92,10.29,AU,1712015155
507,pelabuhan klang,3.0,101.4,83.91,86,96,3.65,MY,1712015113
508,la passe,45.5549,-0.8967,49.98,82,41,19.46,FR,1712015156
509,taoudenni,22.6783,-3.9836,87.33,13,34,11.1,ML,1712014886
510,katsuren-haebaru,26.3369,127.8719,74.17,90,75,11.5,JP,1712014859
511,hobyo,5.3505,48.5268,83.16,78,16,13.67,SO,1712014909
512,chamical,-30.36,-66.314,67.68,49,95,6.78,AR,1712015068
513,sirte,31.2089,16.5887,73.4,31,0,13.27,LY,1712015158
514,murun-kuren,49.6342,100.1625,27.84,63,31,8.23,MN,1712015158
515,as sulaymaniyah,35.5611,45.4375,46.83,61,0,4.61,IQ,1712015159
516,chamrajnagar,11.9167,76.95,72.95,77,3,3.2,IN,1712015159
517,aykhal,66.0,111.5,-1.8,97,99,7.52,RU,1712014778
518,san juan,-31.5375,-68.5364,67.96,32,6,8.57,AR,1712015060
519,beboto,8.2668,16.939,83.52,33,100,4.59,TD,1712015160
520,aljezur,37.3191,-8.8033,54.21,84,63,6.73,PT,1712015161
521,los frentones,-26.4077,-61.4137,75.18,76,68,12.12,AR,1712015161
522,el-tor,28.2364,33.6254,73.54,73,0,14.97,EG,1712015162
523,bentiu,9.2333,29.8333,84.51,50,100,4.21,SS,1712015162
524,nizhneudinsk,54.9076,99.0276,20.7,91,87,2.06,RU,1712015163
525,progreso,21.2833,-89.6667,102.31,78,2,12.82,MX,1712015102
526,soure,-0.7167,-48.5233,79.7,88,99,6.87,BR,1712015163
527,helong,42.5397,128.9972,42.06,30,1,2.33,CN,1712015164
528,lienz,46.8289,12.769,38.71,94,100,4.56,AT,1712015164
529,lisakovsk,52.5369,62.4936,33.75,98,100,3.38,KZ,1712015165
530,boca do acre,-8.7522,-67.3978,73.85,99,100,4.09,BR,1712015165
531,reggane,26.7158,0.1714,78.75,17,0,5.01,DZ,1712015166
532,hami,42.8,93.45,47.39,47,100,7.38,CN,1712015166
533,magadan,59.5667,150.8,25.02,68,87,9.1,RU,1712014814
534,labrador city,52.9463,-66.9114,24.71,76,75,1.01,CA,1712014757
535,pacocha,-17.5833,-71.3333,68.9,85,98,2.55,PE,1712015167
536,herceg novi,42.4531,18.5375,61.66,63,100,2.3,ME,1712015168
537,sur,22.5667,59.5289,77.77,55,39,2.91,OM,1712015168
538,jijel,36.8205,5.7667,51.75,93,40,3.44,DZ,1712015168
539,huangmei,30.1924,116.025,68.54,99,100,3.83,CN,1712015169
540,abadan,30.3392,48.3043,69.75,49,0,4.61,IR,1712015169
541,mirnyy,62.5353,113.9611,24.08,95,98,6.31,RU,1712015023
542,mangalia,43.8,28.5833,58.95,67,31,12.19,RO,1712015170
543,chegdomyn,51.1167,133.0167,25.32,79,81,1.9,RU,1712014893
544,yaren,-0.5472,166.916,82.11,80,85,11.16,NR,1712014889
545,mariehamn,60.0973,19.9348,32.83,93,100,16.11,AX,1712015171
546,maputsoe,-28.8833,27.9,59.95,77,64,0.92,LS,1712015172
547,konarka,19.9,86.1167,81.0,80,45,18.1,IN,1712015172
548,northam,51.0333,-4.2167,48.65,95,28,5.55,GB,1712015173
549,mareeba,-17.0,145.4333,79.45,81,92,5.7,AU,1712014880
550,port said,31.2565,32.2841,67.98,88,0,11.5,EG,1712015173
551,saudarkrokur,65.7461,-19.6394,24.39,78,45,22.55,IS,1712015174
552,remire-montjoly,4.9167,-52.2667,80.64,89,20,8.05,GF,1712014960
553,miles city,46.4083,-105.8406,54.57,37,0,12.66,US,1712015175
554,svencionys,55.15,26.1667,53.83,81,94,6.24,LT,1712015175
555,godda,24.8333,87.2167,76.89,21,27,6.38,IN,1712015176
556,esperanza,19.5847,-70.9849,81.18,73,0,4.0,DO,1712015176
557,gulf breeze,30.3571,-87.1639,74.32,90,75,10.36,US,1712015084
558,monroe,43.1501,-77.6831,48.27,61,75,9.22,US,1712015177
559,lorengau,-2.0226,147.2712,84.45,81,96,11.43,PG,1712014782
560,tupiza,-21.45,-65.7167,64.62,53,5,6.91,BO,1712015178
561,key west,24.5557,-81.7826,80.6,74,0,9.22,US,1712014886
562,kayyerkan,69.3786,87.7439,7.77,94,100,14.85,RU,1712015179
563,walvis bay,-22.9575,14.5053,59.09,94,29,5.75,NA,1712015179
564,rethymno,35.3647,24.4714,62.22,52,4,4.83,GR,1712015180
565,chernyshevskiy,63.0128,112.4714,21.9,96,98,2.89,RU,1712015010
566,fukuecho,32.6881,128.8419,61.16,88,75,4.61,JP,1712015180
567,jiazi,22.8779,116.067,74.91,91,40,7.2,CN,1712015181
568,san juan bautista,-14.0108,-75.7358,74.55,64,43,8.25,PE,1712015181
569,baikonur,45.6167,63.3167,43.95,58,45,10.33,KZ,1712015182
570,zhezqazghan,47.7833,67.7667,30.78,86,0,11.18,KZ,1712015182
571,taesal-li,36.9714,126.4542,49.64,56,90,8.66,KR,1712015182
572,santa terezinha,-29.9002,-50.0904,73.08,92,6,11.05,BR,1712015183
573,mutoko,-17.397,32.2268,59.4,82,80,1.72,ZW,1712015183
574,calderitas,18.55,-88.25,84.31,74,40,16.11,MX,1712015184
575,marolambo,-20.05,48.1167,68.99,99,100,3.71,MG,1712015184
576,pahrump,36.2083,-115.9839,65.25,30,10,14.0,US,1712015185
577,nuuk,64.1835,-51.7216,30.81,74,40,9.22,GL,1712015127
578,masterton,-40.9597,175.6575,62.89,50,16,2.59,NZ,1712015186
579,sarangani,5.4033,125.4636,81.59,75,45,22.28,PH,1712015186
580,egilsstadir,65.2653,-14.3948,19.31,86,75,9.22,IS,1712015186
